{
  "accuracy": [
    0.43808579444885254,
    0.5532032251358032,
    0.5868342518806458,
    0.6105414032936096,
    0.6216782331466675,
    0.6378872990608215,
    0.6520013213157654,
    0.6606020331382751,
    0.6748263239860535,
    0.6871761083602905,
    0.6997463703155518,
    0.7026132941246033,
    0.7146322727203369,
    0.7253280282020569,
    0.7301797270774841,
    0.7380086183547974,
    0.7668982148170471,
    0.7759400010108948,
    0.7801300883293152,
    0.7829970121383667,
    0.7899437546730042,
    0.7976623773574829
  ],
  "loss": [
    2.1003658771514893,
    1.648491382598877,
    1.4986354112625122,
    1.3953818082809448,
    1.3239558935165405,
    1.2612385749816895,
    1.2024883031845093,
    1.1482281684875488,
    1.1077321767807007,
    1.0580843687057495,
    1.0196393728256226,
    0.9896076917648315,
    0.944375216960907,
    0.9167439937591553,
    0.8886260986328125,
    0.8626740574836731,
    0.7809677720069885,
    0.7433114647865295,
    0.720836341381073,
    0.7044787406921387,
    0.6679719090461731,
    0.6500730514526367
  ],
  "val_accuracy": [
    0.5842151641845703,
    0.6203703880310059,
    0.6441798806190491,
    0.6556437611579895,
    0.6635802388191223,
    0.6754850149154663,
    0.684303343296051,
    0.6878306865692139,
    0.6697530746459961,
    0.696208119392395,
    0.7028218507766724,
    0.71075838804245,
    0.7138447761535645,
    0.7173721194267273,
    0.7059082984924316,
    0.7173721194267273,
    0.7208994626998901,
    0.7301587462425232,
    0.7328042387962341,
    0.7367724776268005,
    0.733686089515686,
    0.7367724776268005
  ],
  "val_loss": [
    1.632294774055481,
    1.390599012374878,
    1.2823079824447632,
    1.2338413000106812,
    1.2118313312530518,
    1.1632766723632812,
    1.121832251548767,
    1.0953853130340576,
    1.1259491443634033,
    1.0960603952407837,
    1.0629189014434814,
    1.0673491954803467,
    1.040847659111023,
    1.0430433750152588,
    1.0641591548919678,
    1.0519130229949951,
    1.015645146369934,
    1.0276063680648804,
    1.019217848777771,
    1.023535132408142,
    1.0301603078842163,
    1.027532935142517
  ],
  "learning_rate": [
    0.0005000000237487257,
    0.0005000000237487257,
    0.0005000000237487257,
    0.0005000000237487257,
    0.0005000000237487257,
    0.0005000000237487257,
    0.0005000000237487257,
    0.0005000000237487257,
    0.0005000000237487257,
    0.0005000000237487257,
    0.0005000000237487257,
    0.0005000000237487257,
    0.0005000000237487257,
    0.0005000000237487257,
    0.0005000000237487257,
    0.0005000000237487257,
    0.0002500000118743628,
    0.0002500000118743628,
    0.0002500000118743628,
    0.0002500000118743628,
    0.0001250000059371814,
    0.0001250000059371814
  ]
}