{
  "accuracy": [
    0.6681719422340393,
    0.7680636048316956,
    0.7971459627151489,
    0.801300585269928,
    0.8204479813575745,
    0.8278540372848511,
    0.8323699235916138,
    0.8446531891822815,
    0.84898841381073,
    0.8572976589202881,
    0.8598265647888184,
    0.861994206905365,
    0.8657875657081604,
    0.8701228499412537,
    0.8739162087440491,
    0.8811416029930115,
    0.8824060559272766,
    0.8827673196792603,
    0.8887283205986023,
    0.9011921882629395,
    0.9057080745697021,
    0.91148841381073,
    0.915101170539856,
    0.9136560559272766,
    0.919255793094635,
    0.9253973960876465,
    0.928106963634491,
    0.9272037744522095,
    0.9277456402778625,
    0.9320809245109558,
    0.9353323578834534,
    0.9371387362480164
  ],
  "loss": [
    0.9156085848808289,
    0.6592183113098145,
    0.5937873721122742,
    0.5614555478096008,
    0.5257841944694519,
    0.5012326240539551,
    0.4782319664955139,
    0.45666754245758057,
    0.4368533492088318,
    0.4199920892715454,
    0.4094300866127014,
    0.3908598721027374,
    0.38954904675483704,
    0.36884424090385437,
    0.36295047402381897,
    0.3501655161380768,
    0.3424661159515381,
    0.33719512820243835,
    0.31255248188972473,
    0.2838124632835388,
    0.27467241883277893,
    0.2591214179992676,
    0.2582385241985321,
    0.24951432645320892,
    0.2415478378534317,
    0.2254173904657364,
    0.21199439465999603,
    0.21011486649513245,
    0.21364247798919678,
    0.20192496478557587,
    0.1969558149576187,
    0.19557130336761475
  ],
  "val_accuracy": [
    0.7846820950508118,
    0.7933526039123535,
    0.8208092451095581,
    0.8280346989631653,
    0.8439306616783142,
    0.849711000919342,
    0.8504335284233093,
    0.8446531891822815,
    0.8518785834312439,
    0.849711000919342,
    0.8511560559272766,
    0.8504335284233093,
    0.8684971332550049,
    0.8706647157669067,
    0.8591040372848511,
    0.8728323578834534,
    0.8641618490219116,
    0.8778901696205139,
    0.8778901696205139,
    0.8836705088615417,
    0.8858381509780884,
    0.8851156234741211,
    0.8851156234741211,
    0.884393036365509,
    0.8822254538536072,
    0.8923410177230835,
    0.8793352842330933,
    0.8923410177230835,
    0.8887283205986023,
    0.8901734352111816,
    0.8916184902191162,
    0.8894508481025696
  ],
  "val_loss": [
    0.6088184714317322,
    0.5734521150588989,
    0.5281592607498169,
    0.5027722716331482,
    0.4731362760066986,
    0.46149370074272156,
    0.44331711530685425,
    0.44748181104660034,
    0.4221114218235016,
    0.4376489818096161,
    0.41530147194862366,
    0.41736724972724915,
    0.3984116017818451,
    0.3810274302959442,
    0.4040508270263672,
    0.3767445385456085,
    0.4018439054489136,
    0.3768932819366455,
    0.3771657347679138,
    0.3564208745956421,
    0.3579941391944885,
    0.35590773820877075,
    0.3670252561569214,
    0.363147497177124,
    0.3616930842399597,
    0.3452635705471039,
    0.36118265986442566,
    0.35379889607429504,
    0.3580712080001831,
    0.35983163118362427,
    0.3557761311531067,
    0.36412814259529114
  ],
  "learning_rate": [
    0.0003000000142492354,
    0.0003000000142492354,
    0.0003000000142492354,
    0.0003000000142492354,
    0.0003000000142492354,
    0.0003000000142492354,
    0.0003000000142492354,
    0.0003000000142492354,
    0.0003000000142492354,
    0.0003000000142492354,
    0.0003000000142492354,
    0.0003000000142492354,
    0.0003000000142492354,
    0.0003000000142492354,
    0.0003000000142492354,
    0.0003000000142492354,
    0.0003000000142492354,
    0.0003000000142492354,
    0.0003000000142492354,
    0.0001500000071246177,
    0.0001500000071246177,
    0.0001500000071246177,
    0.0001500000071246177,
    0.0001500000071246177,
    0.0001500000071246177,
    7.500000356230885e-05,
    7.500000356230885e-05,
    7.500000356230885e-05,
    7.500000356230885e-05,
    3.7500001781154424e-05,
    3.7500001781154424e-05,
    3.7500001781154424e-05
  ]
}