{
  "accuracy": [
    0.662873387336731,
    0.7686699628829956,
    0.7942745089530945,
    0.8040540814399719,
    0.8225462436676025,
    0.8241465091705322,
    0.8364153504371643,
    0.8433499336242676,
    0.845661461353302,
    0.8492176532745361,
    0.8566856384277344,
    0.853840708732605,
    0.8691322803497314,
    0.8625533580780029,
    0.8712660074234009,
    0.866642951965332,
    0.8757112622261047,
    0.8810455203056335,
    0.8808677196502686,
    0.8805121183395386,
    0.8828235864639282,
    0.8897581696510315,
    0.8911806344985962,
    0.8897581696510315,
    0.9007823467254639,
    0.9052276015281677,
    0.9089615941047668,
    0.9119843244552612,
    0.9153627157211304,
    0.9189189076423645,
    0.9238975644111633,
    0.9198079705238342,
    0.9210526347160339,
    0.9272759556770325,
    0.9263868927955627,
    0.9290540814399719,
    0.9313655495643616,
    0.9317212104797363
  ],
  "loss": [
    0.9150848388671875,
    0.6561836004257202,
    0.5957269668579102,
    0.5610603094100952,
    0.5142092704772949,
    0.510048508644104,
    0.479308158159256,
    0.4569528102874756,
    0.44904229044914246,
    0.4300972521305084,
    0.41715770959854126,
    0.40833452343940735,
    0.38723528385162354,
    0.38314497470855713,
    0.371753066778183,
    0.3755475878715515,
    0.35539811849594116,
    0.3376941978931427,
    0.3313523828983307,
    0.33354538679122925,
    0.3280656039714813,
    0.3158339560031891,
    0.30462566018104553,
    0.31050148606300354,
    0.2811303734779358,
    0.26064062118530273,
    0.25665292143821716,
    0.24947479367256165,
    0.23859845101833344,
    0.22823254764080048,
    0.22266048192977905,
    0.21638746559619904,
    0.22147686779499054,
    0.20954976975917816,
    0.2076176404953003,
    0.20415356755256653,
    0.19910770654678345,
    0.19382746517658234
  ],
  "val_accuracy": [
    0.7853589057922363,
    0.8059701323509216,
    0.8159204125404358,
    0.8166311383247375,
    0.845060408115387,
    0.8436389565467834,
    0.8422175049781799,
    0.8514569997787476,
    0.8507462739944458,
    0.8557214140892029,
    0.8614072203636169,
    0.8557214140892029,
    0.8585643172264099,
    0.8670930862426758,
    0.8742004036903381,
    0.8784648180007935,
    0.884861409664154,
    0.8791755437850952,
    0.8749111294746399,
    0.8805969953536987,
    0.8869935870170593,
    0.8749111294746399,
    0.8877043128013611,
    0.8877043128013611,
    0.8905472755432129,
    0.8869935870170593,
    0.8862828612327576,
    0.8898365497589111,
    0.8898365497589111,
    0.8948116302490234,
    0.8941009044647217,
    0.8941009044647217,
    0.8941009044647217,
    0.8905472755432129,
    0.8926794528961182,
    0.8941009044647217,
    0.8962331414222717,
    0.8919687271118164
  ],
  "val_loss": [
    0.585911750793457,
    0.5226521492004395,
    0.49004900455474854,
    0.4935084879398346,
    0.42530953884124756,
    0.43835070729255676,
    0.41891494393348694,
    0.423881471157074,
    0.41218888759613037,
    0.4038250744342804,
    0.3901287913322449,
    0.39819106459617615,
    0.3757430613040924,
    0.37272047996520996,
    0.3597792685031891,
    0.3566588759422302,
    0.3607169985771179,
    0.35205376148223877,
    0.3768073320388794,
    0.35005927085876465,
    0.34978294372558594,
    0.3520355522632599,
    0.35233640670776367,
    0.35488760471343994,
    0.3445664048194885,
    0.33822619915008545,
    0.34860578179359436,
    0.34852442145347595,
    0.35131049156188965,
    0.3466041088104248,
    0.34608030319213867,
    0.33717623353004456,
    0.3438202142715454,
    0.34880390763282776,
    0.35527119040489197,
    0.3411809206008911,
    0.34622737765312195,
    0.35069727897644043
  ],
  "learning_rate": [
    0.0003000000142492354,
    0.0003000000142492354,
    0.0003000000142492354,
    0.0003000000142492354,
    0.0003000000142492354,
    0.0003000000142492354,
    0.0003000000142492354,
    0.0003000000142492354,
    0.0003000000142492354,
    0.0003000000142492354,
    0.0003000000142492354,
    0.0003000000142492354,
    0.0003000000142492354,
    0.0003000000142492354,
    0.0003000000142492354,
    0.0003000000142492354,
    0.0003000000142492354,
    0.0003000000142492354,
    0.0003000000142492354,
    0.0003000000142492354,
    0.0003000000142492354,
    0.0003000000142492354,
    0.0003000000142492354,
    0.0003000000142492354,
    0.0001500000071246177,
    0.0001500000071246177,
    0.0001500000071246177,
    0.0001500000071246177,
    0.0001500000071246177,
    7.500000356230885e-05,
    7.500000356230885e-05,
    7.500000356230885e-05,
    7.500000356230885e-05,
    7.500000356230885e-05,
    7.500000356230885e-05,
    3.7500001781154424e-05,
    3.7500001781154424e-05,
    3.7500001781154424e-05
  ]
}