{
  "accuracy": [
    0.4523426592350006,
    0.5626675486564636,
    0.6012651324272156,
    0.6180980205535889,
    0.640934944152832,
    0.6528358459472656,
    0.6664522290229797,
    0.6834995150566101,
    0.6886458396911621,
    0.6949715614318848,
    0.7120188474655151,
    0.7272434830665588,
    0.7290661334991455,
    0.7385011315345764,
    0.7438619136810303,
    0.7520102858543396,
    0.7630534768104553,
    0.7669132351875305,
    0.7765626907348633,
    0.7910367846488953,
    0.8090490102767944,
    0.8136592507362366,
    0.8167685270309448,
    0.830277681350708,
    0.8337085843086243
  ],
  "loss": [
    2.0095579624176025,
    1.5723278522491455,
    1.4186887741088867,
    1.3212069272994995,
    1.243638515472412,
    1.1874442100524902,
    1.1341180801391602,
    1.0817164182662964,
    1.035421371459961,
    1.0027146339416504,
    0.9630605578422546,
    0.9209943413734436,
    0.8984917402267456,
    0.8548442721366882,
    0.8355892300605774,
    0.8051678538322449,
    0.7790946364402771,
    0.7532055377960205,
    0.7276967167854309,
    0.6646400094032288,
    0.624045193195343,
    0.599808394908905,
    0.5878593325614929,
    0.5413163304328918,
    0.5284736156463623
  ],
  "val_accuracy": [
    0.5591766834259033,
    0.6127787232398987,
    0.625643253326416,
    0.6410806179046631,
    0.6483705043792725,
    0.6599485278129578,
    0.6638078689575195,
    0.6599485278129578,
    0.6736706495285034,
    0.677101194858551,
    0.6809605360031128,
    0.6848198771476746,
    0.6766723990440369,
    0.6895368695259094,
    0.6861063241958618,
    0.6946826577186584,
    0.6963979601860046,
    0.6886792182922363,
    0.7015437483787537,
    0.7071183323860168,
    0.7144082188606262,
    0.718267560005188,
    0.703687846660614,
    0.7122641801834106,
    0.7156946659088135
  ],
  "val_loss": [
    1.5884259939193726,
    1.403289794921875,
    1.3286614418029785,
    1.289397120475769,
    1.2453629970550537,
    1.219417929649353,
    1.2017730474472046,
    1.2034858465194702,
    1.1517645120620728,
    1.1469119787216187,
    1.1171337366104126,
    1.1223127841949463,
    1.1449779272079468,
    1.1069047451019287,
    1.1379716396331787,
    1.0975841283798218,
    1.1101254224777222,
    1.1351532936096191,
    1.1257423162460327,
    1.085058331489563,
    1.0868351459503174,
    1.0879639387130737,
    1.1301350593566895,
    1.1170467138290405,
    1.113572597503662
  ],
  "learning_rate": [
    0.0005000000237487257,
    0.0005000000237487257,
    0.0005000000237487257,
    0.0005000000237487257,
    0.0005000000237487257,
    0.0005000000237487257,
    0.0005000000237487257,
    0.0005000000237487257,
    0.0005000000237487257,
    0.0005000000237487257,
    0.0005000000237487257,
    0.0005000000237487257,
    0.0005000000237487257,
    0.0005000000237487257,
    0.0005000000237487257,
    0.0005000000237487257,
    0.0005000000237487257,
    0.0005000000237487257,
    0.0005000000237487257,
    0.0002500000118743628,
    0.0002500000118743628,
    0.0002500000118743628,
    0.0002500000118743628,
    0.0001250000059371814,
    0.0001250000059371814
  ]
}